{"cameraMode":{"drawMode":0,"name":"Shaded","section":"Shading Mode"},"sceneLighting":false,"audioPlay":false,"sceneViewState":{"showFog":true,"showMaterialUpdate":false,"showSkybox":true,"showFlares":true,"showImageEffects":true,"showParticleSystems":true},"in2DMode":false,"pivot":{"x":2.863701343536377,"y":-1.159894585609436,"z":-1.686355471611023},"rotation":{"x":-0.051142264157533649,"y":-0.9120707511901856,"z":0.11999312788248062,"w":-0.3887327313423157},"size":4.449463844299316,"orthographic":false}