{"cameraMode":{"drawMode":0,"name":"Shaded","section":"Shading Mode"},"sceneLighting":false,"audioPlay":false,"sceneViewState":{"showFog":true,"showMaterialUpdate":false,"showSkybox":true,"showFlares":true,"showImageEffects":true,"showParticleSystems":true},"in2DMode":false,"pivot":{"x":-0.35680317878723147,"y":104.70128631591797,"z":254.27304077148438},"rotation":{"x":0.033382851630449298,"y":-0.6638947129249573,"z":-0.029689351096749307,"w":-0.7464904189109802},"size":3.25411057472229,"orthographic":false}