{"cameraMode":{"drawMode":0,"name":"Shaded","section":"Shading Mode"},"sceneLighting":false,"audioPlay":false,"sceneViewState":{"showFog":true,"showMaterialUpdate":false,"showSkybox":true,"showFlares":true,"showImageEffects":true,"showParticleSystems":true},"in2DMode":false,"pivot":{"x":-0.6780730485916138,"y":0.21665996313095094,"z":0.13363957405090333},"rotation":{"x":-0.0025674994103610517,"y":-0.9973999857902527,"z":0.04672243818640709,"w":-0.05480607599020004},"size":2.8578836917877199,"orthographic":false}