{"cameraMode":{"drawMode":0,"name":"Shaded","section":"Shading Mode"},"sceneLighting":false,"audioPlay":false,"sceneViewState":{"showFog":true,"showMaterialUpdate":false,"showSkybox":true,"showFlares":true,"showImageEffects":true,"showParticleSystems":true},"in2DMode":false,"pivot":{"x":2.981250047683716,"y":-1.054953694343567,"z":-0.2456059455871582},"rotation":{"x":-0.09881260246038437,"y":-0.7960895299911499,"z":0.13526961207389832,"w":-0.5815321803092957},"size":3.6823816299438478,"orthographic":false}